Validation_Set,Topics,Alpha,Beta,Coherence
75% Corpus,2,0.01,0.01,0.292538182744816
75% Corpus,2,0.01,0.21000000000000002,0.29341973669412336
75% Corpus,2,0.01,0.41000000000000003,0.2914919196944155
75% Corpus,2,0.01,0.6100000000000001,0.29067938906628843
75% Corpus,2,0.01,0.81,0.29054591502994553
75% Corpus,2,0.01,symmetric,0.29061036574510807
75% Corpus,2,0.21000000000000002,0.01,0.2999496561989426
75% Corpus,2,0.21000000000000002,0.21000000000000002,0.2934197366941234
75% Corpus,2,0.21000000000000002,0.41000000000000003,0.29253818274481597
75% Corpus,2,0.21000000000000002,0.6100000000000001,0.2906793890662885
75% Corpus,2,0.21000000000000002,0.81,0.2967085250922391
75% Corpus,2,0.21000000000000002,symmetric,0.292538182744816
75% Corpus,2,0.41000000000000003,0.01,0.29056944851402705
75% Corpus,2,0.41000000000000003,0.21000000000000002,0.2934197366941234
75% Corpus,2,0.41000000000000003,0.41000000000000003,0.2989460722856514
75% Corpus,2,0.41000000000000003,0.6100000000000001,0.292538182744816
75% Corpus,2,0.41000000000000003,0.81,0.28451677900399475
75% Corpus,2,0.41000000000000003,symmetric,0.2989460722856514
75% Corpus,2,0.6100000000000001,0.01,0.28718998161958315
75% Corpus,2,0.6100000000000001,0.21000000000000002,0.29354176665810716
75% Corpus,2,0.6100000000000001,0.41000000000000003,0.29994965619894254
75% Corpus,2,0.6100000000000001,0.6100000000000001,0.292538182744816
75% Corpus,2,0.6100000000000001,0.81,0.292538182744816
75% Corpus,2,0.6100000000000001,symmetric,0.291118726897077
75% Corpus,2,0.81,0.01,0.296984724299616
75% Corpus,2,0.81,0.21000000000000002,0.2999496561989426
75% Corpus,2,0.81,0.41000000000000003,0.29994965619894254
75% Corpus,2,0.81,0.6100000000000001,0.2975266164379124
75% Corpus,2,0.81,0.81,0.291118726897077
75% Corpus,2,0.81,symmetric,0.291118726897077
75% Corpus,2,symmetric,0.01,0.29994965619894254
75% Corpus,2,symmetric,0.21000000000000002,0.2935417666581072
75% Corpus,2,symmetric,0.41000000000000003,0.292538182744816
75% Corpus,2,symmetric,0.6100000000000001,0.292538182744816
75% Corpus,2,symmetric,0.81,0.2906793890662885
75% Corpus,2,symmetric,symmetric,0.292538182744816
75% Corpus,2,asymmetric,0.01,0.2918535028893817
75% Corpus,2,asymmetric,0.21000000000000002,0.2948893448766544
75% Corpus,2,asymmetric,0.41000000000000003,0.2948893448766544
75% Corpus,2,asymmetric,0.6100000000000001,0.2956084551981447
75% Corpus,2,asymmetric,0.81,0.30977416549458575
75% Corpus,2,asymmetric,symmetric,0.2948893448766544
75% Corpus,3,0.01,0.01,0.2993278759064791
75% Corpus,3,0.01,0.21000000000000002,0.2970343113047247
75% Corpus,3,0.01,0.41000000000000003,0.2882750267208046
75% Corpus,3,0.01,0.6100000000000001,0.2816469457343352
75% Corpus,3,0.01,0.81,0.2811927379148686
75% Corpus,3,0.01,symmetric,0.28751145103449544
75% Corpus,3,0.21000000000000002,0.01,0.30269003415765855
75% Corpus,3,0.21000000000000002,0.21000000000000002,0.29703431130472463
75% Corpus,3,0.21000000000000002,0.41000000000000003,0.28781519749465745
75% Corpus,3,0.21000000000000002,0.6100000000000001,0.2765389536084721
75% Corpus,3,0.21000000000000002,0.81,0.2807708549908119
75% Corpus,3,0.21000000000000002,symmetric,0.29361708672699693
75% Corpus,3,0.41000000000000003,0.01,0.3020784193950337
75% Corpus,3,0.41000000000000003,0.21000000000000002,0.29569541936259575
75% Corpus,3,0.41000000000000003,0.41000000000000003,0.2900754853578911
75% Corpus,3,0.41000000000000003,0.6100000000000001,0.2737060690358525
75% Corpus,3,0.41000000000000003,0.81,0.2762569551532646
75% Corpus,3,0.41000000000000003,symmetric,0.2900754853578911
75% Corpus,3,0.6100000000000001,0.01,0.29838793525555246
75% Corpus,3,0.6100000000000001,0.21000000000000002,0.2928332179870445
75% Corpus,3,0.6100000000000001,0.41000000000000003,0.28831362733082966
75% Corpus,3,0.6100000000000001,0.6100000000000001,0.27796902786015193
75% Corpus,3,0.6100000000000001,0.81,0.27396238839710785
75% Corpus,3,0.6100000000000001,symmetric,0.28890084513100917
75% Corpus,3,0.81,0.01,0.28996538445032743
75% Corpus,3,0.81,0.21000000000000002,0.2920435213178968
75% Corpus,3,0.81,0.41000000000000003,0.28831362733082966
75% Corpus,3,0.81,0.6100000000000001,0.2859471606043094
75% Corpus,3,0.81,0.81,0.2759994792901552
75% Corpus,3,0.81,symmetric,0.2889008451310092
75% Corpus,3,symmetric,0.01,0.30269003415765855
75% Corpus,3,symmetric,0.21000000000000002,0.29209917430671445
75% Corpus,3,symmetric,0.41000000000000003,0.2878151974946575
75% Corpus,3,symmetric,0.6100000000000001,0.27615237742632887
75% Corpus,3,symmetric,0.81,0.28313241420703966
75% Corpus,3,symmetric,symmetric,0.2915186864365907
75% Corpus,3,asymmetric,0.01,0.2945555243113362
75% Corpus,3,asymmetric,0.21000000000000002,0.2904764924166661
75% Corpus,3,asymmetric,0.41000000000000003,0.2921027631701207
75% Corpus,3,asymmetric,0.6100000000000001,0.3289432749426262
75% Corpus,3,asymmetric,0.81,0.43190060079025355
75% Corpus,3,asymmetric,symmetric,0.2810997224654288
75% Corpus,4,0.01,0.01,0.2954304905017311
75% Corpus,4,0.01,0.21000000000000002,0.28884859670782864
75% Corpus,4,0.01,0.41000000000000003,0.2861677160726429
75% Corpus,4,0.01,0.6100000000000001,0.3068161717727519
75% Corpus,4,0.01,0.81,0.341778779125821
75% Corpus,4,0.01,symmetric,0.28892962774724923
75% Corpus,4,0.21000000000000002,0.01,0.2948213672540154
75% Corpus,4,0.21000000000000002,0.21000000000000002,0.29015404628172115
75% Corpus,4,0.21000000000000002,0.41000000000000003,0.2868573420149906
75% Corpus,4,0.21000000000000002,0.6100000000000001,0.30428005427007243
75% Corpus,4,0.21000000000000002,0.81,0.35262921235260714
75% Corpus,4,0.21000000000000002,symmetric,0.29164475657244104
75% Corpus,4,0.41000000000000003,0.01,0.2937967875133269
75% Corpus,4,0.41000000000000003,0.21000000000000002,0.2900797443617987
75% Corpus,4,0.41000000000000003,0.41000000000000003,0.29278591289993894
75% Corpus,4,0.41000000000000003,0.6100000000000001,0.288676660901825
75% Corpus,4,0.41000000000000003,0.81,0.3589837791796324
75% Corpus,4,0.41000000000000003,symmetric,0.2945031162600258
75% Corpus,4,0.6100000000000001,0.01,0.2980966924108548
75% Corpus,4,0.6100000000000001,0.21000000000000002,0.2915834006441629
75% Corpus,4,0.6100000000000001,0.41000000000000003,0.29713195060187103
75% Corpus,4,0.6100000000000001,0.6100000000000001,0.2713086001961953
75% Corpus,4,0.6100000000000001,0.81,0.34575264972252123
75% Corpus,4,0.6100000000000001,symmetric,0.2915834006441629
75% Corpus,4,0.81,0.01,0.2960831645343466
75% Corpus,4,0.81,0.21000000000000002,0.3006398291251686
75% Corpus,4,0.81,0.41000000000000003,0.2984410803129761
75% Corpus,4,0.81,0.6100000000000001,0.2806699466351477
75% Corpus,4,0.81,0.81,0.32064153059572387
75% Corpus,4,0.81,symmetric,0.30089740343912064
75% Corpus,4,symmetric,0.01,0.2985162493175542
75% Corpus,4,symmetric,0.21000000000000002,0.29015404628172115
75% Corpus,4,symmetric,0.41000000000000003,0.28796219130399187
75% Corpus,4,symmetric,0.6100000000000001,0.31439288639614144
75% Corpus,4,symmetric,0.81,0.3637530083365229
75% Corpus,4,symmetric,symmetric,0.289372812830295
75% Corpus,4,asymmetric,0.01,0.2941481408853144
75% Corpus,4,asymmetric,0.21000000000000002,0.29551945267236596
75% Corpus,4,asymmetric,0.41000000000000003,0.2769377525984747
75% Corpus,4,asymmetric,0.6100000000000001,0.42309595464743643
75% Corpus,4,asymmetric,0.81,0.458068265000503
75% Corpus,4,asymmetric,symmetric,0.29707371470705224
75% Corpus,5,0.01,0.01,0.2868392977039507
75% Corpus,5,0.01,0.21000000000000002,0.28725308077938744
75% Corpus,5,0.01,0.41000000000000003,0.29266698095189464
75% Corpus,5,0.01,0.6100000000000001,0.33759738973865155
75% Corpus,5,0.01,0.81,0.3977950015230289
75% Corpus,5,0.01,symmetric,0.2871073800852839
75% Corpus,5,0.21000000000000002,0.01,0.28682779975556744
75% Corpus,5,0.21000000000000002,0.21000000000000002,0.28148806582414165
75% Corpus,5,0.21000000000000002,0.41000000000000003,0.2922568748557906
75% Corpus,5,0.21000000000000002,0.6100000000000001,0.35617387154496827
75% Corpus,5,0.21000000000000002,0.81,0.43705447737753944
75% Corpus,5,0.21000000000000002,symmetric,0.27585883241593046
75% Corpus,5,0.41000000000000003,0.01,0.29155780604614556
75% Corpus,5,0.41000000000000003,0.21000000000000002,0.2799941296312941
75% Corpus,5,0.41000000000000003,0.41000000000000003,0.29360337944986675
75% Corpus,5,0.41000000000000003,0.6100000000000001,0.3725196642086656
75% Corpus,5,0.41000000000000003,0.81,0.43023215990216757
75% Corpus,5,0.41000000000000003,symmetric,0.27749797702385803
75% Corpus,5,0.6100000000000001,0.01,0.2871258265200976
75% Corpus,5,0.6100000000000001,0.21000000000000002,0.2810142987056845
75% Corpus,5,0.6100000000000001,0.41000000000000003,0.2958429808225375
75% Corpus,5,0.6100000000000001,0.6100000000000001,0.37106638871858316
75% Corpus,5,0.6100000000000001,0.81,0.4287235246753796
75% Corpus,5,0.6100000000000001,symmetric,0.28450227086261215
75% Corpus,5,0.81,0.01,0.28692715000565217
75% Corpus,5,0.81,0.21000000000000002,0.28635607109370864
75% Corpus,5,0.81,0.41000000000000003,0.27611463286574855
75% Corpus,5,0.81,0.6100000000000001,0.33243325853261646
75% Corpus,5,0.81,0.81,0.423452110093412
75% Corpus,5,0.81,symmetric,0.291216678737594
75% Corpus,5,symmetric,0.01,0.28682779975556744
75% Corpus,5,symmetric,0.21000000000000002,0.2788776569564047
75% Corpus,5,symmetric,0.41000000000000003,0.2903639797207629
75% Corpus,5,symmetric,0.6100000000000001,0.3607943880321711
75% Corpus,5,symmetric,0.81,0.44439617099987105
75% Corpus,5,symmetric,symmetric,0.2815542801594571
75% Corpus,5,asymmetric,0.01,0.29154482378962554
75% Corpus,5,asymmetric,0.21000000000000002,0.2822156305079309
75% Corpus,5,asymmetric,0.41000000000000003,0.3056120037903632
75% Corpus,5,asymmetric,0.6100000000000001,0.47400413819526854
75% Corpus,5,asymmetric,0.81,0.43517574901904316
75% Corpus,5,asymmetric,symmetric,0.2712947573007396
75% Corpus,6,0.01,0.01,0.2851005472888329
75% Corpus,6,0.01,0.21000000000000002,0.2915029351307004
75% Corpus,6,0.01,0.41000000000000003,0.3714710903658272
75% Corpus,6,0.01,0.6100000000000001,0.4026947291660201
75% Corpus,6,0.01,0.81,0.40157752335822555
75% Corpus,6,0.01,symmetric,0.28589414854282974
75% Corpus,6,0.21000000000000002,0.01,0.2903773434671056
75% Corpus,6,0.21000000000000002,0.21000000000000002,0.29940211092236574
75% Corpus,6,0.21000000000000002,0.41000000000000003,0.3414959880764327
75% Corpus,6,0.21000000000000002,0.6100000000000001,0.42347955822839634
75% Corpus,6,0.21000000000000002,0.81,0.3654210313962181
75% Corpus,6,0.21000000000000002,symmetric,0.29421393500797904
75% Corpus,6,0.41000000000000003,0.01,0.3027912371024677
75% Corpus,6,0.41000000000000003,0.21000000000000002,0.29384421471744365
75% Corpus,6,0.41000000000000003,0.41000000000000003,0.34555462077901433
75% Corpus,6,0.41000000000000003,0.6100000000000001,0.404959319757648
75% Corpus,6,0.41000000000000003,0.81,0.37043484108796326
75% Corpus,6,0.41000000000000003,symmetric,0.29761699079642373
75% Corpus,6,0.6100000000000001,0.01,0.3043819759851469
75% Corpus,6,0.6100000000000001,0.21000000000000002,0.30516622167866414
75% Corpus,6,0.6100000000000001,0.41000000000000003,0.3331200917648082
75% Corpus,6,0.6100000000000001,0.6100000000000001,0.38979121413911244
75% Corpus,6,0.6100000000000001,0.81,0.38388950239031683
75% Corpus,6,0.6100000000000001,symmetric,0.30647715192686115
75% Corpus,6,0.81,0.01,0.30677230872775313
75% Corpus,6,0.81,0.21000000000000002,0.2913912882102752
75% Corpus,6,0.81,0.41000000000000003,0.3201068818341147
75% Corpus,6,0.81,0.6100000000000001,0.3583157303215805
75% Corpus,6,0.81,0.81,0.3619210681820641
75% Corpus,6,0.81,symmetric,0.30577060027768266
75% Corpus,6,symmetric,0.01,0.2876909015947566
75% Corpus,6,symmetric,0.21000000000000002,0.2988187720845722
75% Corpus,6,symmetric,0.41000000000000003,0.351126343081912
75% Corpus,6,symmetric,0.6100000000000001,0.3821869500728714
75% Corpus,6,symmetric,0.81,0.3753785548338793
75% Corpus,6,symmetric,symmetric,0.29658325312463857
75% Corpus,6,asymmetric,0.01,0.2830618797741647
75% Corpus,6,asymmetric,0.21000000000000002,0.26669598591174287
75% Corpus,6,asymmetric,0.41000000000000003,0.3714354364786477
75% Corpus,6,asymmetric,0.6100000000000001,0.4884601418598396
75% Corpus,6,asymmetric,0.81,0.466091284980327
75% Corpus,6,asymmetric,symmetric,0.2702246466119515
75% Corpus,7,0.01,0.01,0.2840035419254806
75% Corpus,7,0.01,0.21000000000000002,0.2842680896207238
75% Corpus,7,0.01,0.41000000000000003,0.34243612493507436
75% Corpus,7,0.01,0.6100000000000001,0.37475685142635634
75% Corpus,7,0.01,0.81,0.3492406143996744
75% Corpus,7,0.01,symmetric,0.2861240620430517
75% Corpus,7,0.21000000000000002,0.01,0.2873671433941557
75% Corpus,7,0.21000000000000002,0.21000000000000002,0.2953733638586774
75% Corpus,7,0.21000000000000002,0.41000000000000003,0.3365249657399397
75% Corpus,7,0.21000000000000002,0.6100000000000001,0.4094068240135276
75% Corpus,7,0.21000000000000002,0.81,0.343427777097618
75% Corpus,7,0.21000000000000002,symmetric,0.28974853625940294
75% Corpus,7,0.41000000000000003,0.01,0.3056347516884047
75% Corpus,7,0.41000000000000003,0.21000000000000002,0.29088505201526843
75% Corpus,7,0.41000000000000003,0.41000000000000003,0.31898145752141643
75% Corpus,7,0.41000000000000003,0.6100000000000001,0.41045325508829117
75% Corpus,7,0.41000000000000003,0.81,0.40273241303126045
75% Corpus,7,0.41000000000000003,symmetric,0.29039128820005544
75% Corpus,7,0.6100000000000001,0.01,0.30462280101220157
75% Corpus,7,0.6100000000000001,0.21000000000000002,0.29330735302865973
75% Corpus,7,0.6100000000000001,0.41000000000000003,0.3180426625432621
75% Corpus,7,0.6100000000000001,0.6100000000000001,0.40111137076415204
75% Corpus,7,0.6100000000000001,0.81,0.4013041667725264
75% Corpus,7,0.6100000000000001,symmetric,0.29529844439634
75% Corpus,7,0.81,0.01,0.30730954101948493
75% Corpus,7,0.81,0.21000000000000002,0.29707716557551084
75% Corpus,7,0.81,0.41000000000000003,0.31023937769827464
75% Corpus,7,0.81,0.6100000000000001,0.39855279683002315
75% Corpus,7,0.81,0.81,0.3948162845489516
75% Corpus,7,0.81,symmetric,0.3021853624466789
75% Corpus,7,symmetric,0.01,0.2825700484635796
75% Corpus,7,symmetric,0.21000000000000002,0.28017891043392856
75% Corpus,7,symmetric,0.41000000000000003,0.3387604795702673
75% Corpus,7,symmetric,0.6100000000000001,0.41192828090417233
75% Corpus,7,symmetric,0.81,0.37487282888056445
75% Corpus,7,symmetric,symmetric,0.2856545521929209
75% Corpus,7,asymmetric,0.01,0.28270031364099796
75% Corpus,7,asymmetric,0.21000000000000002,0.28025108228599555
75% Corpus,7,asymmetric,0.41000000000000003,0.479213115068797
75% Corpus,7,asymmetric,0.6100000000000001,0.4353668568044903
75% Corpus,7,asymmetric,0.81,0.4186731513849587
75% Corpus,7,asymmetric,symmetric,0.27685376343066487
75% Corpus,8,0.01,0.01,0.2917874550428642
75% Corpus,8,0.01,0.21000000000000002,0.30439974454383945
75% Corpus,8,0.01,0.41000000000000003,0.3131245612174263
75% Corpus,8,0.01,0.6100000000000001,0.3727434894949706
75% Corpus,8,0.01,0.81,0.46291448389293716
75% Corpus,8,0.01,symmetric,0.285833215457313
75% Corpus,8,0.21000000000000002,0.01,0.2948284517639625
75% Corpus,8,0.21000000000000002,0.21000000000000002,0.30068854396747174
75% Corpus,8,0.21000000000000002,0.41000000000000003,0.33846872373659076
75% Corpus,8,0.21000000000000002,0.6100000000000001,0.39701838601712436
75% Corpus,8,0.21000000000000002,0.81,0.4899435155989401
75% Corpus,8,0.21000000000000002,symmetric,0.2884902462363024
75% Corpus,8,0.41000000000000003,0.01,0.29557871579098927
75% Corpus,8,0.41000000000000003,0.21000000000000002,0.29727061024886375
75% Corpus,8,0.41000000000000003,0.41000000000000003,0.3358343362386211
75% Corpus,8,0.41000000000000003,0.6100000000000001,0.38183311791906066
75% Corpus,8,0.41000000000000003,0.81,0.455123715990712
75% Corpus,8,0.41000000000000003,symmetric,0.2988059262679695
75% Corpus,8,0.6100000000000001,0.01,0.2971702849584792
75% Corpus,8,0.6100000000000001,0.21000000000000002,0.296533243280078
75% Corpus,8,0.6100000000000001,0.41000000000000003,0.32760651164000143
75% Corpus,8,0.6100000000000001,0.6100000000000001,0.37919261841586605
75% Corpus,8,0.6100000000000001,0.81,0.46148586158938254
75% Corpus,8,0.6100000000000001,symmetric,0.299928793107825
75% Corpus,8,0.81,0.01,0.2972120626654974
75% Corpus,8,0.81,0.21000000000000002,0.2966303916279208
75% Corpus,8,0.81,0.41000000000000003,0.31080118957852365
75% Corpus,8,0.81,0.6100000000000001,0.38721875546019735
75% Corpus,8,0.81,0.81,0.37875731826190384
75% Corpus,8,0.81,symmetric,0.29319400321505684
75% Corpus,8,symmetric,0.01,0.29133574456444944
75% Corpus,8,symmetric,0.21000000000000002,0.3058310986016754
75% Corpus,8,symmetric,0.41000000000000003,0.3337510142261906
75% Corpus,8,symmetric,0.6100000000000001,0.40520373762687256
75% Corpus,8,symmetric,0.81,0.4697550228864519
75% Corpus,8,symmetric,symmetric,0.2904921670096927
75% Corpus,8,asymmetric,0.01,0.2892758220033019
75% Corpus,8,asymmetric,0.21000000000000002,0.3003712110250424
75% Corpus,8,asymmetric,0.41000000000000003,0.45284949259286755
75% Corpus,8,asymmetric,0.6100000000000001,0.4396855771676976
75% Corpus,8,asymmetric,0.81,0.44850990608213737
75% Corpus,8,asymmetric,symmetric,0.27425068650429396
75% Corpus,9,0.01,0.01,0.2917327909160075
75% Corpus,9,0.01,0.21000000000000002,0.31744854816467627
75% Corpus,9,0.01,0.41000000000000003,0.3769873023195782
75% Corpus,9,0.01,0.6100000000000001,0.3767273832797835
75% Corpus,9,0.01,0.81,0.40426670633581824
75% Corpus,9,0.01,symmetric,0.2927581071898407
75% Corpus,9,0.21000000000000002,0.01,0.2903886300792039
75% Corpus,9,0.21000000000000002,0.21000000000000002,0.3110897229361951
75% Corpus,9,0.21000000000000002,0.41000000000000003,0.34593906334722996
75% Corpus,9,0.21000000000000002,0.6100000000000001,0.4443275533735835
75% Corpus,9,0.21000000000000002,0.81,0.4271551240743751
75% Corpus,9,0.21000000000000002,symmetric,0.29018212634964424
75% Corpus,9,0.41000000000000003,0.01,0.2931130771609462
75% Corpus,9,0.41000000000000003,0.21000000000000002,0.2985347352897256
75% Corpus,9,0.41000000000000003,0.41000000000000003,0.36110596670642026
75% Corpus,9,0.41000000000000003,0.6100000000000001,0.4266437449501835
75% Corpus,9,0.41000000000000003,0.81,0.49221499973071925
75% Corpus,9,0.41000000000000003,symmetric,0.28886014822322625
75% Corpus,9,0.6100000000000001,0.01,0.29675123894549305
75% Corpus,9,0.6100000000000001,0.21000000000000002,0.28544302122469717
75% Corpus,9,0.6100000000000001,0.41000000000000003,0.3736809921989516
75% Corpus,9,0.6100000000000001,0.6100000000000001,0.408701864420891
75% Corpus,9,0.6100000000000001,0.81,0.47543713448575076
75% Corpus,9,0.6100000000000001,symmetric,0.28680829892996995
75% Corpus,9,0.81,0.01,0.2935188272773773
75% Corpus,9,0.81,0.21000000000000002,0.28479767806005074
75% Corpus,9,0.81,0.41000000000000003,0.35535874921048105
75% Corpus,9,0.81,0.6100000000000001,0.429348989424075
75% Corpus,9,0.81,0.81,0.496693588230567
75% Corpus,9,0.81,symmetric,0.2948776206451158
75% Corpus,9,symmetric,0.01,0.28765455397104156
75% Corpus,9,symmetric,0.21000000000000002,0.30905203030171524
75% Corpus,9,symmetric,0.41000000000000003,0.3532255181583264
75% Corpus,9,symmetric,0.6100000000000001,0.43187725352389883
75% Corpus,9,symmetric,0.81,0.4550276684868517
75% Corpus,9,symmetric,symmetric,0.29127092024692164
75% Corpus,9,asymmetric,0.01,0.2856215211885631
75% Corpus,9,asymmetric,0.21000000000000002,0.31354588386998006
75% Corpus,9,asymmetric,0.41000000000000003,0.38754910903295525
75% Corpus,9,asymmetric,0.6100000000000001,0.4920744109180093
75% Corpus,9,asymmetric,0.81,0.4494904234478984
75% Corpus,9,asymmetric,symmetric,0.2969354747027849
75% Corpus,10,0.01,0.01,0.28402140613152754
75% Corpus,10,0.01,0.21000000000000002,0.2882776484295021
75% Corpus,10,0.01,0.41000000000000003,0.38829225253641597
75% Corpus,10,0.01,0.6100000000000001,0.4271404637454287
75% Corpus,10,0.01,0.81,0.38860888942873045
75% Corpus,10,0.01,symmetric,0.2741163887125546
75% Corpus,10,0.21000000000000002,0.01,0.28818942663779074
75% Corpus,10,0.21000000000000002,0.21000000000000002,0.2908295974042485
75% Corpus,10,0.21000000000000002,0.41000000000000003,0.40653800327830886
75% Corpus,10,0.21000000000000002,0.6100000000000001,0.4155073532193504
75% Corpus,10,0.21000000000000002,0.81,0.4569720946619184
75% Corpus,10,0.21000000000000002,symmetric,0.2889754669993109
75% Corpus,10,0.41000000000000003,0.01,0.2944919290399003
75% Corpus,10,0.41000000000000003,0.21000000000000002,0.2928191184350225
75% Corpus,10,0.41000000000000003,0.41000000000000003,0.4094677051897147
75% Corpus,10,0.41000000000000003,0.6100000000000001,0.4021633810536424
75% Corpus,10,0.41000000000000003,0.81,0.48711800299075714
75% Corpus,10,0.41000000000000003,symmetric,0.2990857552866314
75% Corpus,10,0.6100000000000001,0.01,0.2918587320187954
75% Corpus,10,0.6100000000000001,0.21000000000000002,0.298524981198279
75% Corpus,10,0.6100000000000001,0.41000000000000003,0.4213795199674289
75% Corpus,10,0.6100000000000001,0.6100000000000001,0.40128526736349607
75% Corpus,10,0.6100000000000001,0.81,0.518960956677529
75% Corpus,10,0.6100000000000001,symmetric,0.2896031845208884
75% Corpus,10,0.81,0.01,0.29154692245566216
75% Corpus,10,0.81,0.21000000000000002,0.28950865868751186
75% Corpus,10,0.81,0.41000000000000003,0.37529520671528693
75% Corpus,10,0.81,0.6100000000000001,0.39665847156846235
75% Corpus,10,0.81,0.81,0.5230375084675803
75% Corpus,10,0.81,symmetric,0.29431561342002127
75% Corpus,10,symmetric,0.01,0.2921661518334281
75% Corpus,10,symmetric,0.21000000000000002,0.2783868460295689
75% Corpus,10,symmetric,0.41000000000000003,0.38199021988838566
75% Corpus,10,symmetric,0.6100000000000001,0.4125498737408385
75% Corpus,10,symmetric,0.81,0.3797682574659942
75% Corpus,10,symmetric,symmetric,0.27675331436929407
75% Corpus,10,asymmetric,0.01,0.2739742429084267
75% Corpus,10,asymmetric,0.21000000000000002,0.3560486731606866
75% Corpus,10,asymmetric,0.41000000000000003,0.4768511398105321
75% Corpus,10,asymmetric,0.6100000000000001,0.4472732501612765
75% Corpus,10,asymmetric,0.81,0.44405929368638963
75% Corpus,10,asymmetric,symmetric,0.27883049808399335
100% Corpus,2,0.01,0.01,0.3030830427044987
100% Corpus,2,0.01,0.21000000000000002,0.29567457445265766
100% Corpus,2,0.01,0.41000000000000003,0.2885900068419428
100% Corpus,2,0.01,0.6100000000000001,0.29810079046465066
100% Corpus,2,0.01,0.81,0.29345313891291214
100% Corpus,2,0.01,symmetric,0.29224700790007135
100% Corpus,2,0.21000000000000002,0.01,0.30677599840563236
100% Corpus,2,0.21000000000000002,0.21000000000000002,0.29831691142924066
100% Corpus,2,0.21000000000000002,0.41000000000000003,0.2922470079000713
100% Corpus,2,0.21000000000000002,0.6100000000000001,0.2866423091039795
100% Corpus,2,0.21000000000000002,0.81,0.29345313891291214
100% Corpus,2,0.21000000000000002,symmetric,0.28674661835278525
100% Corpus,2,0.41000000000000003,0.01,0.3067759984056323
100% Corpus,2,0.41000000000000003,0.21000000000000002,0.29831691142924066
100% Corpus,2,0.41000000000000003,0.41000000000000003,0.29567457445265766
100% Corpus,2,0.41000000000000003,0.6100000000000001,0.29432507287036475
100% Corpus,2,0.41000000000000003,0.81,0.28674661835278525
100% Corpus,2,0.41000000000000003,symmetric,0.2956745744526576
100% Corpus,2,0.6100000000000001,0.01,0.3037401564183597
100% Corpus,2,0.6100000000000001,0.21000000000000002,0.30677599840563236
100% Corpus,2,0.6100000000000001,0.41000000000000003,0.3067759984056323
100% Corpus,2,0.6100000000000001,0.6100000000000001,0.3067759984056323
100% Corpus,2,0.6100000000000001,0.81,0.29405403129539326
100% Corpus,2,0.6100000000000001,symmetric,0.3067759984056324
100% Corpus,2,0.81,0.01,0.3037401564183596
100% Corpus,2,0.81,0.21000000000000002,0.30677599840563236
100% Corpus,2,0.81,0.41000000000000003,0.30677599840563236
100% Corpus,2,0.81,0.6100000000000001,0.29831691142924066
100% Corpus,2,0.81,0.81,0.29831691142924066
100% Corpus,2,0.81,symmetric,0.30677599840563236
100% Corpus,2,symmetric,0.01,0.3037401564183596
100% Corpus,2,symmetric,0.21000000000000002,0.30677599840563236
100% Corpus,2,symmetric,0.41000000000000003,0.3067759984056324
100% Corpus,2,symmetric,0.6100000000000001,0.2969674098469478
100% Corpus,2,symmetric,0.81,0.29432507287036475
100% Corpus,2,symmetric,symmetric,0.29831691142924066
100% Corpus,2,asymmetric,0.01,0.3037401564183596
100% Corpus,2,asymmetric,0.21000000000000002,0.29528106944196797
100% Corpus,2,asymmetric,0.41000000000000003,0.3037401564183597
100% Corpus,2,asymmetric,0.6100000000000001,0.2999596512891898
100% Corpus,2,asymmetric,0.81,0.2999596512891898
100% Corpus,2,asymmetric,symmetric,0.29930287128364774
100% Corpus,3,0.01,0.01,0.2861263887203152
100% Corpus,3,0.01,0.21000000000000002,0.2925171081297583
100% Corpus,3,0.01,0.41000000000000003,0.2828826406337844
100% Corpus,3,0.01,0.6100000000000001,0.28601210397141247
100% Corpus,3,0.01,0.81,0.2800158143453659
100% Corpus,3,0.01,symmetric,0.2899042105544404
100% Corpus,3,0.21000000000000002,0.01,0.2852242380446486
100% Corpus,3,0.21000000000000002,0.21000000000000002,0.29179888202485615
100% Corpus,3,0.21000000000000002,0.41000000000000003,0.29191617240817413
100% Corpus,3,0.21000000000000002,0.6100000000000001,0.28738762179335786
100% Corpus,3,0.21000000000000002,0.81,0.26893928997093114
100% Corpus,3,0.21000000000000002,symmetric,0.2900754853578911
100% Corpus,3,0.41000000000000003,0.01,0.29495644844465124
100% Corpus,3,0.41000000000000003,0.21000000000000002,0.28125023664392845
100% Corpus,3,0.41000000000000003,0.41000000000000003,0.2782396624221722
100% Corpus,3,0.41000000000000003,0.6100000000000001,0.28056712507415
100% Corpus,3,0.41000000000000003,0.81,0.2833619923366479
100% Corpus,3,0.41000000000000003,symmetric,0.28945654633177736
100% Corpus,3,0.6100000000000001,0.01,0.28494316954079246
100% Corpus,3,0.6100000000000001,0.21000000000000002,0.2907594171607143
100% Corpus,3,0.6100000000000001,0.41000000000000003,0.2821972467186471
100% Corpus,3,0.6100000000000001,0.6100000000000001,0.2739137623024082
100% Corpus,3,0.6100000000000001,0.81,0.2821062805947861
100% Corpus,3,0.6100000000000001,symmetric,0.27654823225280567
100% Corpus,3,0.81,0.01,0.2920965632468031
100% Corpus,3,0.81,0.21000000000000002,0.28900574410229624
100% Corpus,3,0.81,0.41000000000000003,0.28614334967074845
100% Corpus,3,0.81,0.6100000000000001,0.279359983176623
100% Corpus,3,0.81,0.81,0.28993030392150204
100% Corpus,3,0.81,symmetric,0.2903181240234156
100% Corpus,3,symmetric,0.01,0.28412079506076765
100% Corpus,3,symmetric,0.21000000000000002,0.2941401831069355
100% Corpus,3,symmetric,0.41000000000000003,0.29471976322302934
100% Corpus,3,symmetric,0.6100000000000001,0.2752200336751448
100% Corpus,3,symmetric,0.81,0.2641511772058623
100% Corpus,3,symmetric,symmetric,0.28456927102483676
100% Corpus,3,asymmetric,0.01,0.3027325161198458
100% Corpus,3,asymmetric,0.21000000000000002,0.2853081115415457
100% Corpus,3,asymmetric,0.41000000000000003,0.29683024904667094
100% Corpus,3,asymmetric,0.6100000000000001,0.31057130374358427
100% Corpus,3,asymmetric,0.81,0.3541158502243354
100% Corpus,3,asymmetric,symmetric,0.2929211433193725
100% Corpus,4,0.01,0.01,0.28304762096481983
100% Corpus,4,0.01,0.21000000000000002,0.2916354357953097
100% Corpus,4,0.01,0.41000000000000003,0.2806247193888932
100% Corpus,4,0.01,0.6100000000000001,0.27991752339171755
100% Corpus,4,0.01,0.81,0.30126300463790595
100% Corpus,4,0.01,symmetric,0.2859603170373664
100% Corpus,4,0.21000000000000002,0.01,0.28487007810976617
100% Corpus,4,0.21000000000000002,0.21000000000000002,0.2938800684507724
100% Corpus,4,0.21000000000000002,0.41000000000000003,0.28250843053071384
100% Corpus,4,0.21000000000000002,0.6100000000000001,0.27638921413364453
100% Corpus,4,0.21000000000000002,0.81,0.3679592316683509
100% Corpus,4,0.21000000000000002,symmetric,0.2889620750430034
100% Corpus,4,0.41000000000000003,0.01,0.29104882388525805
100% Corpus,4,0.41000000000000003,0.21000000000000002,0.2905768023940911
100% Corpus,4,0.41000000000000003,0.41000000000000003,0.28988045447324473
100% Corpus,4,0.41000000000000003,0.6100000000000001,0.2851079876145318
100% Corpus,4,0.41000000000000003,0.81,0.32830760717885094
100% Corpus,4,0.41000000000000003,symmetric,0.28641270705511757
100% Corpus,4,0.6100000000000001,0.01,0.2894273476255168
100% Corpus,4,0.6100000000000001,0.21000000000000002,0.29057680239409117
100% Corpus,4,0.6100000000000001,0.41000000000000003,0.28748551798014144
100% Corpus,4,0.6100000000000001,0.6100000000000001,0.28533160093088406
100% Corpus,4,0.6100000000000001,0.81,0.3175546455579677
100% Corpus,4,0.6100000000000001,symmetric,0.2943665757614008
100% Corpus,4,0.81,0.01,0.291571711836453
100% Corpus,4,0.81,0.21000000000000002,0.2978040296131804
100% Corpus,4,0.81,0.41000000000000003,0.2942223631045082
100% Corpus,4,0.81,0.6100000000000001,0.2792753422329055
100% Corpus,4,0.81,0.81,0.3286086133911954
100% Corpus,4,0.81,symmetric,0.29356629480373203
100% Corpus,4,symmetric,0.01,0.2901802703873225
100% Corpus,4,symmetric,0.21000000000000002,0.2953586495701087
100% Corpus,4,symmetric,0.41000000000000003,0.2784268536770044
100% Corpus,4,symmetric,0.6100000000000001,0.2684581461696256
100% Corpus,4,symmetric,0.81,0.3613821130396743
100% Corpus,4,symmetric,symmetric,0.28888358520380186
100% Corpus,4,asymmetric,0.01,0.3075340291652099
100% Corpus,4,asymmetric,0.21000000000000002,0.28723809801316874
100% Corpus,4,asymmetric,0.41000000000000003,0.2802308563201286
100% Corpus,4,asymmetric,0.6100000000000001,0.37530704223373834
100% Corpus,4,asymmetric,0.81,0.4651145881563532
100% Corpus,4,asymmetric,symmetric,0.30309732473147094
100% Corpus,5,0.01,0.01,0.29476402896040693
100% Corpus,5,0.01,0.21000000000000002,0.28423849732325823
100% Corpus,5,0.01,0.41000000000000003,0.2878482948233544
100% Corpus,5,0.01,0.6100000000000001,0.34651181421900734
100% Corpus,5,0.01,0.81,0.41487814564826825
100% Corpus,5,0.01,symmetric,0.279041268450113
100% Corpus,5,0.21000000000000002,0.01,0.29742955174983743
100% Corpus,5,0.21000000000000002,0.21000000000000002,0.28059295966785697
100% Corpus,5,0.21000000000000002,0.41000000000000003,0.2869383904341503
100% Corpus,5,0.21000000000000002,0.6100000000000001,0.3696496920572946
100% Corpus,5,0.21000000000000002,0.81,0.41623072602829847
100% Corpus,5,0.21000000000000002,symmetric,0.28102466282711863
100% Corpus,5,0.41000000000000003,0.01,0.290788590373453
100% Corpus,5,0.41000000000000003,0.21000000000000002,0.28446830193371625
100% Corpus,5,0.41000000000000003,0.41000000000000003,0.2791888007729767
100% Corpus,5,0.41000000000000003,0.6100000000000001,0.39729352575098453
100% Corpus,5,0.41000000000000003,0.81,0.4407036754056932
100% Corpus,5,0.41000000000000003,symmetric,0.2814044360079577
100% Corpus,5,0.6100000000000001,0.01,0.30520488306017424
100% Corpus,5,0.6100000000000001,0.21000000000000002,0.2805086119731343
100% Corpus,5,0.6100000000000001,0.41000000000000003,0.28445761742471337
100% Corpus,5,0.6100000000000001,0.6100000000000001,0.3533814954019755
100% Corpus,5,0.6100000000000001,0.81,0.45873902071583145
100% Corpus,5,0.6100000000000001,symmetric,0.28160259226224127
100% Corpus,5,0.81,0.01,0.3088670998769917
100% Corpus,5,0.81,0.21000000000000002,0.28429643760304985
100% Corpus,5,0.81,0.41000000000000003,0.2842460174001732
100% Corpus,5,0.81,0.6100000000000001,0.3417552507402545
100% Corpus,5,0.81,0.81,0.4186092700690791
100% Corpus,5,0.81,symmetric,0.2861684550717831
100% Corpus,5,symmetric,0.01,0.30657005761800055
100% Corpus,5,symmetric,0.21000000000000002,0.28102466282711863
100% Corpus,5,symmetric,0.41000000000000003,0.26716222839578874
100% Corpus,5,symmetric,0.6100000000000001,0.36087293817981514
100% Corpus,5,symmetric,0.81,0.414790458285372
100% Corpus,5,symmetric,symmetric,0.28193933917657377
100% Corpus,5,asymmetric,0.01,0.30196352314619357
100% Corpus,5,asymmetric,0.21000000000000002,0.28382752157094576
100% Corpus,5,asymmetric,0.41000000000000003,0.27114461257659483
100% Corpus,5,asymmetric,0.6100000000000001,0.43588455824328953
100% Corpus,5,asymmetric,0.81,0.49449240373218134
100% Corpus,5,asymmetric,symmetric,0.2868077498255037
100% Corpus,6,0.01,0.01,0.29429964435222283
100% Corpus,6,0.01,0.21000000000000002,0.28828149380786083
100% Corpus,6,0.01,0.41000000000000003,0.3215926596129881
100% Corpus,6,0.01,0.6100000000000001,0.4249432763543128
100% Corpus,6,0.01,0.81,0.39231572434202766
100% Corpus,6,0.01,symmetric,0.27942336550444363
100% Corpus,6,0.21000000000000002,0.01,0.2881962264320009
100% Corpus,6,0.21000000000000002,0.21000000000000002,0.29850811223119184
100% Corpus,6,0.21000000000000002,0.41000000000000003,0.32060952944376225
100% Corpus,6,0.21000000000000002,0.6100000000000001,0.41997142922906266
100% Corpus,6,0.21000000000000002,0.81,0.36108119970977387
100% Corpus,6,0.21000000000000002,symmetric,0.293584415080024
100% Corpus,6,0.41000000000000003,0.01,0.28687867537113865
100% Corpus,6,0.41000000000000003,0.21000000000000002,0.28113903160346054
100% Corpus,6,0.41000000000000003,0.41000000000000003,0.30717065075948574
100% Corpus,6,0.41000000000000003,0.6100000000000001,0.4211321789025619
100% Corpus,6,0.41000000000000003,0.81,0.40505969240220696
100% Corpus,6,0.41000000000000003,symmetric,0.28703467578010294
100% Corpus,6,0.6100000000000001,0.01,0.2944222243975196
100% Corpus,6,0.6100000000000001,0.21000000000000002,0.29275509821740336
100% Corpus,6,0.6100000000000001,0.41000000000000003,0.2931282585790754
100% Corpus,6,0.6100000000000001,0.6100000000000001,0.3872493501954568
100% Corpus,6,0.6100000000000001,0.81,0.4037017801163669
100% Corpus,6,0.6100000000000001,symmetric,0.2800970122591656
100% Corpus,6,0.81,0.01,0.30097582525603217
100% Corpus,6,0.81,0.21000000000000002,0.3084854974286106
100% Corpus,6,0.81,0.41000000000000003,0.28171482077509186
100% Corpus,6,0.81,0.6100000000000001,0.36160628533280015
100% Corpus,6,0.81,0.81,0.3936315888189255
100% Corpus,6,0.81,symmetric,0.3034864089152926
100% Corpus,6,symmetric,0.01,0.29182460121929926
100% Corpus,6,symmetric,0.21000000000000002,0.2891531054574536
100% Corpus,6,symmetric,0.41000000000000003,0.3228306643094807
100% Corpus,6,symmetric,0.6100000000000001,0.4238088713022939
100% Corpus,6,symmetric,0.81,0.4163048025239271
100% Corpus,6,symmetric,symmetric,0.2887738579708367
100% Corpus,6,asymmetric,0.01,0.28677297005099534
100% Corpus,6,asymmetric,0.21000000000000002,0.2788010601386951
100% Corpus,6,asymmetric,0.41000000000000003,0.37578676035782516
100% Corpus,6,asymmetric,0.6100000000000001,0.4907814669991975
100% Corpus,6,asymmetric,0.81,0.48660014979359856
100% Corpus,6,asymmetric,symmetric,0.2724125736655583
100% Corpus,7,0.01,0.01,0.2971874010203731
100% Corpus,7,0.01,0.21000000000000002,0.2957685702511378
100% Corpus,7,0.01,0.41000000000000003,0.34453858095783463
100% Corpus,7,0.01,0.6100000000000001,0.40788642681955706
100% Corpus,7,0.01,0.81,0.3565769414772597
100% Corpus,7,0.01,symmetric,0.28681944956374
100% Corpus,7,0.21000000000000002,0.01,0.2883926248314014
100% Corpus,7,0.21000000000000002,0.21000000000000002,0.2973861979097544
100% Corpus,7,0.21000000000000002,0.41000000000000003,0.3493583757540077
100% Corpus,7,0.21000000000000002,0.6100000000000001,0.4319011711563431
100% Corpus,7,0.21000000000000002,0.81,0.3662856328190317
100% Corpus,7,0.21000000000000002,symmetric,0.2945387633389047
100% Corpus,7,0.41000000000000003,0.01,0.29092270191694614
100% Corpus,7,0.41000000000000003,0.21000000000000002,0.2894600754218347
100% Corpus,7,0.41000000000000003,0.41000000000000003,0.36229320410685517
100% Corpus,7,0.41000000000000003,0.6100000000000001,0.41559210579081285
100% Corpus,7,0.41000000000000003,0.81,0.391095886961332
100% Corpus,7,0.41000000000000003,symmetric,0.29586701322757675
100% Corpus,7,0.6100000000000001,0.01,0.29375421358691584
100% Corpus,7,0.6100000000000001,0.21000000000000002,0.2917569971393101
100% Corpus,7,0.6100000000000001,0.41000000000000003,0.34858237295844596
100% Corpus,7,0.6100000000000001,0.6100000000000001,0.40284440749333145
100% Corpus,7,0.6100000000000001,0.81,0.39221478667641446
100% Corpus,7,0.6100000000000001,symmetric,0.2916650644033397
100% Corpus,7,0.81,0.01,0.2998197001064807
100% Corpus,7,0.81,0.21000000000000002,0.2929471555210762
100% Corpus,7,0.81,0.41000000000000003,0.29818243343140016
100% Corpus,7,0.81,0.6100000000000001,0.3783525116943457
100% Corpus,7,0.81,0.81,0.39576097136019145
100% Corpus,7,0.81,symmetric,0.2957458796911157
100% Corpus,7,symmetric,0.01,0.29246594250561886
100% Corpus,7,symmetric,0.21000000000000002,0.2780714970068026
100% Corpus,7,symmetric,0.41000000000000003,0.33173286159831
100% Corpus,7,symmetric,0.6100000000000001,0.41973108555168076
100% Corpus,7,symmetric,0.81,0.36560981303818235
100% Corpus,7,symmetric,symmetric,0.29323800590784305
100% Corpus,7,asymmetric,0.01,0.28093044695605596
100% Corpus,7,asymmetric,0.21000000000000002,0.2886282606114991
100% Corpus,7,asymmetric,0.41000000000000003,0.4307086290859248
100% Corpus,7,asymmetric,0.6100000000000001,0.4999989009225709
100% Corpus,7,asymmetric,0.81,0.44606225145964856
100% Corpus,7,asymmetric,symmetric,0.2861331297979734
100% Corpus,8,0.01,0.01,0.2894804023594599
100% Corpus,8,0.01,0.21000000000000002,0.2923782966194584
100% Corpus,8,0.01,0.41000000000000003,0.30466538255392595
100% Corpus,8,0.01,0.6100000000000001,0.4289722673437163
100% Corpus,8,0.01,0.81,0.45041093881185545
100% Corpus,8,0.01,symmetric,0.2937152345723971
100% Corpus,8,0.21000000000000002,0.01,0.2913518531098357
100% Corpus,8,0.21000000000000002,0.21000000000000002,0.295574980867233
100% Corpus,8,0.21000000000000002,0.41000000000000003,0.3779474910209747
100% Corpus,8,0.21000000000000002,0.6100000000000001,0.4386847509330819
100% Corpus,8,0.21000000000000002,0.81,0.4314955750733407
100% Corpus,8,0.21000000000000002,symmetric,0.28824266279881205
100% Corpus,8,0.41000000000000003,0.01,0.28195623781453205
100% Corpus,8,0.41000000000000003,0.21000000000000002,0.2908550262687569
100% Corpus,8,0.41000000000000003,0.41000000000000003,0.33598678856272857
100% Corpus,8,0.41000000000000003,0.6100000000000001,0.45982568977053373
100% Corpus,8,0.41000000000000003,0.81,0.4543180783766494
100% Corpus,8,0.41000000000000003,symmetric,0.2912507844671347
100% Corpus,8,0.6100000000000001,0.01,0.2896779979513605
100% Corpus,8,0.6100000000000001,0.21000000000000002,0.2898828920379729
100% Corpus,8,0.6100000000000001,0.41000000000000003,0.33209296691093015
100% Corpus,8,0.6100000000000001,0.6100000000000001,0.4266682453102398
100% Corpus,8,0.6100000000000001,0.81,0.4433594308351869
100% Corpus,8,0.6100000000000001,symmetric,0.2896028491836026
100% Corpus,8,0.81,0.01,0.28834621067551214
100% Corpus,8,0.81,0.21000000000000002,0.2958686077263449
100% Corpus,8,0.81,0.41000000000000003,0.31126425273712666
100% Corpus,8,0.81,0.6100000000000001,0.4223576562036445
100% Corpus,8,0.81,0.81,0.42349498869981095
100% Corpus,8,0.81,symmetric,0.2963035692352506
100% Corpus,8,symmetric,0.01,0.28422686805352826
100% Corpus,8,symmetric,0.21000000000000002,0.285426879895466
100% Corpus,8,symmetric,0.41000000000000003,0.36604216610309576
100% Corpus,8,symmetric,0.6100000000000001,0.4265103721173728
100% Corpus,8,symmetric,0.81,0.4628247950476546
100% Corpus,8,symmetric,symmetric,0.28186545479144165
100% Corpus,8,asymmetric,0.01,0.28481209575148914
100% Corpus,8,asymmetric,0.21000000000000002,0.31924466062554807
100% Corpus,8,asymmetric,0.41000000000000003,0.4386651234253773
100% Corpus,8,asymmetric,0.6100000000000001,0.49744069353756193
100% Corpus,8,asymmetric,0.81,0.45377079640121204
100% Corpus,8,asymmetric,symmetric,0.2790187846598936
100% Corpus,9,0.01,0.01,0.2886300302846863
100% Corpus,9,0.01,0.21000000000000002,0.3025937057453706
100% Corpus,9,0.01,0.41000000000000003,0.37317253041865034
100% Corpus,9,0.01,0.6100000000000001,0.4175968837413394
100% Corpus,9,0.01,0.81,0.45813351219888276
100% Corpus,9,0.01,symmetric,0.2882392510163713
100% Corpus,9,0.21000000000000002,0.01,0.2848389782596212
100% Corpus,9,0.21000000000000002,0.21000000000000002,0.29501364847478045
100% Corpus,9,0.21000000000000002,0.41000000000000003,0.3829158643674236
100% Corpus,9,0.21000000000000002,0.6100000000000001,0.4254642517674334
100% Corpus,9,0.21000000000000002,0.81,0.44898890608067976
100% Corpus,9,0.21000000000000002,symmetric,0.2884817994173534
100% Corpus,9,0.41000000000000003,0.01,0.2812836205880511
100% Corpus,9,0.41000000000000003,0.21000000000000002,0.29637931395525446
100% Corpus,9,0.41000000000000003,0.41000000000000003,0.37667938122427747
100% Corpus,9,0.41000000000000003,0.6100000000000001,0.4521387416113744
100% Corpus,9,0.41000000000000003,0.81,0.45437657868514353
100% Corpus,9,0.41000000000000003,symmetric,0.28807987477263697
100% Corpus,9,0.6100000000000001,0.01,0.2935015827023085
100% Corpus,9,0.6100000000000001,0.21000000000000002,0.2953596163696823
100% Corpus,9,0.6100000000000001,0.41000000000000003,0.3792024072017955
100% Corpus,9,0.6100000000000001,0.6100000000000001,0.43285171863354244
100% Corpus,9,0.6100000000000001,0.81,0.47823652759779134
100% Corpus,9,0.6100000000000001,symmetric,0.28979606042361117
100% Corpus,9,0.81,0.01,0.28925893845842554
100% Corpus,9,0.81,0.21000000000000002,0.2842251182501663
100% Corpus,9,0.81,0.41000000000000003,0.337151413734563
100% Corpus,9,0.81,0.6100000000000001,0.43678782285042156
100% Corpus,9,0.81,0.81,0.4469720935972952
100% Corpus,9,0.81,symmetric,0.2869859067588979
100% Corpus,9,symmetric,0.01,0.2934085411809733
100% Corpus,9,symmetric,0.21000000000000002,0.30920815860944545
100% Corpus,9,symmetric,0.41000000000000003,0.3665896658668173
100% Corpus,9,symmetric,0.6100000000000001,0.4236817426663546
100% Corpus,9,symmetric,0.81,0.4622314775740969
100% Corpus,9,symmetric,symmetric,0.2952914028992881
100% Corpus,9,asymmetric,0.01,0.28064016682155934
100% Corpus,9,asymmetric,0.21000000000000002,0.3554785380899761
100% Corpus,9,asymmetric,0.41000000000000003,0.46171900370949814
100% Corpus,9,asymmetric,0.6100000000000001,0.4945573276148018
100% Corpus,9,asymmetric,0.81,0.4536566334462317
100% Corpus,9,asymmetric,symmetric,0.30210137901176304
100% Corpus,10,0.01,0.01,0.28022120723332117
100% Corpus,10,0.01,0.21000000000000002,0.2861166914416432
100% Corpus,10,0.01,0.41000000000000003,0.4210053906168721
100% Corpus,10,0.01,0.6100000000000001,0.40365836767372276
100% Corpus,10,0.01,0.81,0.417184322068431
100% Corpus,10,0.01,symmetric,0.2886721721484242
100% Corpus,10,0.21000000000000002,0.01,0.2807648042598579
100% Corpus,10,0.21000000000000002,0.21000000000000002,0.29055260868293076
100% Corpus,10,0.21000000000000002,0.41000000000000003,0.45042610454410514
100% Corpus,10,0.21000000000000002,0.6100000000000001,0.4229605547134524
100% Corpus,10,0.21000000000000002,0.81,0.40917451128276194
100% Corpus,10,0.21000000000000002,symmetric,0.27813324136085205
100% Corpus,10,0.41000000000000003,0.01,0.28461547290196815
100% Corpus,10,0.41000000000000003,0.21000000000000002,0.2867684446252595
100% Corpus,10,0.41000000000000003,0.41000000000000003,0.4196940739776471
100% Corpus,10,0.41000000000000003,0.6100000000000001,0.41040782573852985
100% Corpus,10,0.41000000000000003,0.81,0.4441242924892686
100% Corpus,10,0.41000000000000003,symmetric,0.281303165790011
100% Corpus,10,0.6100000000000001,0.01,0.2815312737375118
100% Corpus,10,0.6100000000000001,0.21000000000000002,0.28790959449622144
100% Corpus,10,0.6100000000000001,0.41000000000000003,0.39256709790552974
100% Corpus,10,0.6100000000000001,0.6100000000000001,0.427851906523877
100% Corpus,10,0.6100000000000001,0.81,0.45762896983187434
100% Corpus,10,0.6100000000000001,symmetric,0.29033253847854706
100% Corpus,10,0.81,0.01,0.2855005996538204
100% Corpus,10,0.81,0.21000000000000002,0.2856275147879857
100% Corpus,10,0.81,0.41000000000000003,0.35134592399427855
100% Corpus,10,0.81,0.6100000000000001,0.4086836125635106
100% Corpus,10,0.81,0.81,0.4732847521445427
100% Corpus,10,0.81,symmetric,0.2896391978558427
100% Corpus,10,symmetric,0.01,0.28632591460612283
100% Corpus,10,symmetric,0.21000000000000002,0.3004839789755168
100% Corpus,10,symmetric,0.41000000000000003,0.43193023437316985
100% Corpus,10,symmetric,0.6100000000000001,0.43297267927665894
100% Corpus,10,symmetric,0.81,0.4605033858212579
100% Corpus,10,symmetric,symmetric,0.29606651232591297
100% Corpus,10,asymmetric,0.01,0.28391625422022465
100% Corpus,10,asymmetric,0.21000000000000002,0.35363744159062993
100% Corpus,10,asymmetric,0.41000000000000003,0.4557151451440797
100% Corpus,10,asymmetric,0.6100000000000001,0.4642308811198582
100% Corpus,10,asymmetric,0.81,0.36393539703838734
100% Corpus,10,asymmetric,symmetric,0.30703052874865333
